,Subzone,School,College,Medical,Recreation,Transport,Shop,Food,lscore,Density
0,CAIRNHILL,0.5416666666666666,0.43902439024390244,0.75,0.5454545454545454,0.477124183006536,0.9744897959183674,0.6895161290322581,80.50393011923528,8517.773771391887
1,ANG MO KIO TOWN CENTRE,0.5625,0.45121951219512196,0.48148148148148145,0.256198347107438,0.28104575163398693,0.41836734693877553,0.3790322580645161,51.57333042108743,15077.653283381502
2,YUHUA EAST,0.375,0.4024390243902439,0.37037037037037035,0.3305785123966942,0.28104575163398693,0.22448979591836735,0.22580645161290322,40.27186746466354,26606.212947592605
3,SELETAR AEROSPACE PARK,0.10416666666666667,0.07317073170731707,0.009259259259259259,0.03305785123966942,0.0718954248366013,0.015306122448979591,0.028225806451612902,6.10679718016042,5.6068401567623365
4,SELETAR,0.020833333333333332,0.04878048780487805,0.009259259259259259,0.024793388429752067,0.0457516339869281,0.01020408163265306,0.03225806451612903,3.4969775868136677,78.31184676993624
5,ALEXANDRA NORTH,0.10416666666666667,0.18292682926829268,0.25925925925925924,0.24793388429752067,0.1503267973856209,0.2193877551020408,0.2903225806451613,26.504747957778836,8860.812258738575
6,BOON KENG,0.2708333333333333,0.25609756097560976,0.25,0.3140495867768595,0.5032679738562091,0.1836734693877551,0.3185483870967742,38.207734928961514,28494.688289321934
7,PULAU PUNGGOL TIMOR,0.0,0.012195121951219513,0.0,0.01652892561983471,0.013071895424836602,0.01020408163265306,0.012096774193548387,1.1681508132223724,0.0
8,TANGLIN,0.20833333333333334,0.04878048780487805,0.5370370370370371,0.3140495867768595,0.0915032679738562,0.25,0.29435483870967744,31.785103980862182,2193.6974776857123
9,TELOK BLANGAH DRIVE,0.125,0.04878048780487805,0.08333333333333333,0.32231404958677684,0.19607843137254902,0.1326530612244898,0.16129032258064516,19.49049786019934,13191.112854323095
10,ONE TREE HILL,0.3541666666666667,0.18292682926829268,0.6111111111111112,0.35537190082644626,0.39869281045751637,0.5867346938775511,0.21774193548387097,49.329881337105476,6034.3273511120005
11,WOODLANDS WEST,0.75,0.45121951219512196,0.24074074074074073,0.3140495867768595,0.2679738562091503,0.3826530612244898,0.23790322580645162,48.19619058137183,20431.09341070612
12,HONG KAH,0.2708333333333333,0.25609756097560976,0.24074074074074073,0.19834710743801653,0.0718954248366013,0.22959183673469388,0.0967741935483871,24.863722550664207,29847.1869368454
13,ROBERTSON QUAY,0.3125,0.35365853658536583,0.21296296296296297,0.38016528925619836,0.6601307189542484,0.46938775510204084,0.7459677419354839,57.1305853352257,5901.964927177348
14,BUKIT BATOK EAST,0.3541666666666667,0.4024390243902439,0.3333333333333333,0.3305785123966942,0.29411764705882354,0.32142857142857145,0.2056451612903226,40.85467826811771,33153.87854738011
15,ADMIRALTY,0.4375,0.2804878048780488,0.24074074074074073,0.19834710743801653,0.2875816993464052,0.3010204081632653,0.10080645161290322,33.65179031867921,10959.41615494375
16,DUNEARN,0.1875,0.3048780487804878,0.07407407407407407,0.15702479338842976,0.1111111111111111,0.1377551020408163,0.17338709677419356,20.880694824522177,3198.2573156046747
17,CLEMENTI WEST,0.3541666666666667,0.18292682926829268,0.5,0.34710743801652894,0.26143790849673204,0.47959183673469385,0.31048387096774194,44.390390547169865,21731.80367896636
18,SENGKANG TOWN CENTRE,0.5,0.3048780487804878,0.25925925925925924,0.21487603305785125,0.477124183006536,0.3163265306122449,0.17338709677419356,40.930169637206184,42168.762688851544
19,YEW TEE,0.2916666666666667,0.1951219512195122,0.16666666666666666,0.34710743801652894,0.1568627450980392,0.27040816326530615,0.10483870967741936,27.932634296708052,43456.87142890789
20,TANGLIN HALT,0.25,0.6707317073170732,0.16666666666666666,0.2396694214876033,0.1830065359477124,0.23979591836734693,0.23387096774193547,36.15327066349153,20903.717063066364
21,TOWNSVILLE,0.375,0.3780487804878049,0.1388888888888889,0.2396694214876033,0.1568627450980392,0.22959183673469388,0.1814516129032258,30.973275781939595,38430.62502047194
22,HOUGANG CENTRAL,0.3333333333333333,0.32926829268292684,0.4074074074074074,0.33884297520661155,0.3660130718954248,0.3469387755102041,0.2620967741935484,43.44609264455252,10613.734566738533
23,HONG KAH NORTH,0.2708333333333333,0.25609756097560976,0.24074074074074073,0.19834710743801653,0.0718954248366013,0.22959183673469388,0.0967741935483871,24.863722550664207,30232.57287558315
24,SELEGIE,0.9583333333333334,0.6585365853658537,0.6388888888888888,0.4793388429752066,0.8366013071895425,0.7704081632653061,0.8387096774193549,94.41930747663079,4203.352351447926
25,BOON LAY PLACE,0.3125,0.36585365853658536,0.14814814814814814,0.3140495867768595,0.21568627450980393,0.17857142857142858,0.20967741935483872,31.792903540433,32156.43683041042
26,BENCOOLEN,1.0,0.7439024390243902,0.5370370370370371,0.5702479338842975,0.9150326797385621,0.923469387755102,0.5806451612903226,96.05075147784402,7624.555667724303
27,DHOBY GHAUT,0.8541666666666666,0.7560975609756098,0.2962962962962963,0.4628099173553719,0.6143790849673203,0.7448979591836735,0.3467741935483871,74.27371157417714,1431.973756597733
28,PAYA LEBAR NORTH,0.3125,0.3170731707317073,0.2037037037037037,0.30578512396694213,0.35947712418300654,0.30612244897959184,0.3911290322580645,40.0178265788496,23.147250309584496
29,STRAITS VIEW,0.0,0.0,0.0,0.0,0.0196078431372549,0.0,0.008064516129032258,0.5043229860888677,0.0
30,WEST COAST,0.3333333333333333,0.21951219512195122,0.1574074074074074,0.256198347107438,0.16339869281045752,0.25,0.20161290322580644,28.821831700518146,9443.920737494076
31,CHOA CHU KANG NORTH,0.3333333333333333,0.21951219512195122,0.2777777777777778,0.32231404958677684,0.20261437908496732,0.3979591836734694,0.18951612903225806,35.411263393656334,29134.176880414867
32,KALLANG WAY,0.14583333333333334,0.04878048780487805,0.10185185185185185,0.19834710743801653,0.24836601307189543,0.23469387755102042,0.29435483870967744,23.186081480539876,30.937948630247625
33,KRANJI,0.020833333333333332,0.04878048780487805,0.018518518518518517,0.03305785123966942,0.032679738562091505,0.025510204081632654,0.028225806451612902,3.783575031637213,2.719898996920241
34,HOUGANG WEST,0.3541666666666667,0.4024390243902439,0.4722222222222222,0.30578512396694213,0.38562091503267976,0.3622448979591837,0.27419354838709675,46.59482215151816,33980.63619639957
35,CENTRAL SUBZONE,0.08333333333333333,0.4268292682926829,0.37037037037037035,0.4793388429752066,0.23529411764705882,0.2653061224489796,0.3911290322580645,41.03496102063266,816.3779266504829
36,TUAS VIEW EXTENSION,0.0,0.08536585365853659,0.027777777777777776,0.03305785123966942,0.0392156862745098,0.04081632653061224,0.024193548387096774,4.563980734193654,0.358459579827125
37,TANJONG RHU,0.041666666666666664,0.04878048780487805,0.018518518518518517,0.34710743801652894,0.0457516339869281,0.15306122448979592,0.18548387096774194,15.315565372542489,4532.873905645911
38,NEE SOON,0.5,0.15853658536585366,0.5833333333333334,0.14049586776859505,0.24183006535947713,0.3112244897959184,0.3709677419354839,42.03344262002091,400.62130052291235
39,LOYANG EAST,0.020833333333333332,0.12195121951219512,0.027777777777777776,0.01652892561983471,0.058823529411764705,0.015306122448979591,0.020161290322580645,5.128131980982535,2191.293244487267
40,SUNSET WAY,0.10416666666666667,0.17073170731707318,0.23148148148148148,0.21487603305785125,0.1830065359477124,0.3979591836734694,0.21774193548387097,27.701019117753113,5817.68947663635
41,SAFTI,0.020833333333333332,0.10975609756097561,0.046296296296296294,0.024793388429752067,0.058823529411764705,0.025510204081632654,0.09274193548387097,6.902727090437533,0.0
42,BENDEMEER,0.20833333333333334,0.17073170731707318,0.26851851851851855,0.371900826446281,0.6601307189542484,0.3469387755102041,0.5362903225806451,46.70730199505698,27104.84693901398
43,BEDOK RESERVOIR,0.375,0.5365853658536586,0.08333333333333333,0.1652892561983471,0.09803921568627451,0.12755102040816327,0.10483870967741936,27.166547164690623,10633.132199987494
44,BIDADARI,0.3541666666666667,0.3170731707317073,0.09259259259259259,0.2396694214876033,0.20261437908496732,0.19387755102040816,0.1975806451612903,29.115461303544627,0.0
45,TURF CLUB,0.0,0.024390243902439025,0.037037037037037035,0.049586776859504134,0.032679738562091505,0.025510204081632654,0.024193548387096774,3.524630060977063,202.1997028944589
46,PAYA LEBAR EAST,0.3125,0.3170731707317073,0.2037037037037037,0.30578512396694213,0.35947712418300654,0.30612244897959184,0.3911290322580645,40.0178265788496,4.396680732613228
47,EVERTON PARK,0.4583333333333333,0.5121951219512195,0.8981481481481481,0.5454545454545454,0.6013071895424836,0.41836734693877553,0.6814516129032258,74.99970744152846,12203.424381158693
48,BUKIT BATOK CENTRAL,0.3541666666666667,0.4024390243902439,0.2962962962962963,0.3305785123966942,0.23529411764705882,0.3010204081632653,0.24193548387096775,39.397088450059854,33871.8189464792
49,BEDOK NORTH,0.22916666666666666,0.21951219512195122,0.2962962962962963,0.2644628099173554,0.2222222222222222,0.21428571428571427,0.20161290322580644,30.026416240075214,25375.005809815295
50,YIO CHU KANG NORTH,0.4583333333333333,0.6097560975609756,0.19444444444444445,0.3140495867768595,0.2222222222222222,0.1326530612244898,0.1532258064516129,37.992941917527524,0.0
51,CITY TERMINALS,0.0,0.0,0.009259259259259259,0.01652892561983471,0.05228758169934641,0.01020408163265306,0.004032258064516129,1.6823689169786746,5.758931399873159
52,LORONG CHUAN,0.5208333333333334,0.2804878048780488,0.10185185185185185,0.2727272727272727,0.1568627450980392,0.34183673469387754,0.2217741935483871,34.561020150375846,7146.0409401189145
53,KIAN TECK,0.14583333333333334,0.0975609756097561,0.12962962962962962,0.15702479338842976,0.1111111111111111,0.1326530612244898,0.13306451612903225,16.527652170333525,18.93679574693479
54,YISHUN SOUTH,0.4583333333333333,0.17073170731707318,0.6111111111111112,0.1487603305785124,0.24836601307189543,0.32653061224489793,0.3790322580645161,42.69823349266254,31307.69764459287
55,TEBAN GARDENS,0.041666666666666664,0.06097560975609756,0.037037037037037035,0.09917355371900827,0.058823529411764705,0.05102040816326531,0.04435483870967742,7.163284366582813,5774.321198504637
56,SEMBAWANG SPRINGS,0.08333333333333333,0.06097560975609756,0.06481481481481481,0.1487603305785124,0.11764705882352941,0.17857142857142858,0.12096774193548387,14.125495168191579,8212.905442999721
57,KANGKAR,0.3958333333333333,0.25609756097560976,0.1574074074074074,0.2396694214876033,0.33986928104575165,0.23469387755102042,0.12096774193548387,31.793853194941352,31838.22394419356
58,MACPHERSON,0.20833333333333334,0.24390243902439024,0.17592592592592593,0.2644628099173554,0.2875816993464052,0.23979591836734693,0.3225806451612903,31.758208187429304,22297.105693147358
59,LORONG HALUS NORTH,0.0,0.0,0.0,0.0743801652892562,0.013071895424836602,0.0663265306122449,0.008064516129032258,2.9495569367383725,0.0
60,NATIONAL UNIVERSITY OF S'PORE,0.3125,0.8048780487804879,0.8240740740740741,0.18181818181818182,0.3006535947712418,0.11734693877551021,0.1975806451612903,49.914998040492314,135.76421186680736
61,SENNETT,0.3958333333333333,0.24390243902439024,0.10185185185185185,0.21487603305785125,0.24836601307189543,0.24489795918367346,0.24193548387096775,30.83020802792945,8230.388112649742
62,PEARL'S HILL,0.5,0.5,0.8333333333333334,0.71900826446281,0.8431372549019608,0.5255102040816326,1.0,89.68400098250025,10859.047942355297
63,LIM CHU KANG,0.0,0.0,0.0,0.024793388429752067,0.0,0.025510204081632654,0.004032258064516129,0.990259563719285,6.24553800495311
64,LORONG HALUS,0.0,0.0,0.0,0.0743801652892562,0.013071895424836602,0.0663265306122449,0.008064516129032258,2.9495569367383725,0.0
65,BUKIT BATOK WEST,0.3333333333333333,0.4268292682926829,0.3333333333333333,0.38016528925619836,0.26143790849673204,0.25,0.1935483870967742,39.70539744198066,28305.857766935682
66,PASIR RIS DRIVE,0.25,0.14634146341463414,0.1111111111111111,0.35537190082644626,0.29411764705882354,0.34183673469387754,0.13709677419354838,29.813492782002832,32967.84891206945
67,CHENG SAN,0.08333333333333333,0.0975609756097561,0.2222222222222222,0.1322314049586777,0.0392156862745098,0.061224489795918366,0.016129032258064516,11.881054224868622,29174.437302754766
68,TAMPINES EAST,0.625,0.524390243902439,0.3148148148148148,0.2727272727272727,0.39215686274509803,0.25,0.14516129032258066,46.003939517234805,29979.2561420591
69,NEWTON CIRCUS,0.6458333333333334,0.524390243902439,0.4537037037037037,0.39669421487603307,0.41830065359477125,0.37755102040816324,0.45161290322580644,59.56018824752181,1162.684873552775
70,WESTERN WATER CATCHMENT,0.0,0.024390243902439025,0.018518518518518517,0.03305785123966942,0.006535947712418301,0.0,0.0,1.5035920035312862,9.114554748094807
71,YIO CHU KANG WEST,0.4583333333333333,0.6097560975609756,0.19444444444444445,0.3140495867768595,0.2222222222222222,0.1326530612244898,0.1532258064516129,37.992941917527524,28350.629014959704
72,ALJUNIED,0.2708333333333333,0.3902439024390244,0.28703703703703703,0.4132231404958678,0.45751633986928103,0.18877551020408162,0.46774193548387094,45.11312471320817,13422.666138146207
73,FARRER COURT,0.2916666666666667,0.3170731707317073,0.5740740740740741,0.39669421487603307,0.7647058823529411,0.3877551020408163,0.6532258064516129,61.694472549435154,10986.233399247669
74,PULAU SELETAR,0.0,0.0,0.0,0.024793388429752067,0.0,0.00510204081632653,0.004032258064516129,0.618325037302259,0.0
75,PASIR RIS CENTRAL,0.25,0.0975609756097561,0.14814814814814814,0.33884297520661155,0.2222222222222222,0.32653061224489793,0.13306451612903225,27.63551750168409,21187.44031124827
76,NASSIM,0.4166666666666667,0.2682926829268293,0.6574074074074074,0.39669421487603307,0.35294117647058826,0.3877551020408163,0.23387096774193547,49.45530928292599,4511.427587239831
77,SERANGOON NORTH,0.3125,0.2804878048780488,0.2777777777777778,0.36363636363636365,0.2549019607843137,0.23469387755102042,0.20967741935483872,35.240827990638806,23124.467914184148
78,BRAS BASAH,0.9583333333333334,0.7926829268292683,0.5462962962962963,0.6198347107438017,0.8496732026143791,0.9540816326530612,0.7661290322580645,100.0,44.50193180884432
79,POTONG PASIR,0.3958333333333333,0.35365853658536583,0.09259259259259259,0.256198347107438,0.23529411764705882,0.22959183673469388,0.16129032258064516,31.427907810961376,18214.421112591543
80,DEPOT ROAD,0.16666666666666666,0.24390243902439024,0.4166666666666667,0.30578512396694213,0.20261437908496732,0.4030612244897959,0.39919354838709675,38.96260100941498,14680.735015012586
81,KAMPONG JAVA,0.4791666666666667,0.35365853658536583,0.9166666666666666,0.2809917355371901,0.37254901960784315,0.37755102040816324,0.4798387096774194,59.420518584515335,10231.498985996885
82,TANJONG PAGAR,0.4166666666666667,0.6829268292682927,0.5185185185185185,0.7603305785123967,0.6993464052287581,0.5051020408163265,0.9596774193548387,82.78736436568099,4573.428580756615
83,CORONATION ROAD,0.3333333333333333,0.35365853658536583,0.046296296296296294,0.09090909090909091,0.0915032679738562,0.08163265306122448,0.0846774193548387,19.719417859064194,4663.072425346324
84,SOUTHERN GROUP,0.0,0.024390243902439025,0.0,0.03305785123966942,0.026143790849673203,0.0,0.0,1.5234447179043082,0.0
85,CLIFFORD PIER,0.22916666666666666,0.5121951219512195,0.5092592592592593,0.9669421487603306,0.6078431372549019,0.6071428571428571,0.9516129032258065,79.90044136095845,0.0
86,HOUGANG EAST,0.3541666666666667,0.4024390243902439,0.4722222222222222,0.30578512396694213,0.38562091503267976,0.3622448979591837,0.27419354838709675,46.59482215151816,29375.026214869387
87,OXLEY,0.6458333333333334,0.47560975609756095,0.7314814814814815,0.5289256198347108,0.477124183006536,0.923469387755102,0.5645161290322581,79.22243894386625,7398.228876420958
88,DEFU INDUSTRIAL PARK,0.2708333333333333,0.25609756097560976,0.1388888888888889,0.1322314049586777,0.17647058823529413,0.1836734693877551,0.1532258064516129,23.90037563175103,10.062080468329842
89,CHATSWORTH,0.3125,0.2073170731707317,0.32407407407407407,0.30578512396694213,0.3333333333333333,0.4489795918367347,0.1532258064516129,38.002609273269925,5084.061029276233
90,TYERSALL,0.16666666666666666,0.2804878048780488,0.09259259259259259,0.4297520661157025,0.0915032679738562,0.14795918367346939,0.20161290322580644,25.70742630196528,1785.6978594264165
91,MOUNTBATTEN,0.3958333333333333,0.4268292682926829,0.1574074074074074,0.371900826446281,0.4444444444444444,0.24489795918367346,0.4314516129032258,45.06562458449646,5784.976483327126
92,FRANKEL,0.2708333333333333,0.14634146341463414,0.16666666666666666,0.19834710743801653,0.1895424836601307,0.1989795918367347,0.14516129032258066,23.98149207398798,7972.61157602001
93,NORTHSHORE,0.10416666666666667,0.04878048780487805,0.009259259259259259,0.09090909090909091,0.0392156862745098,0.01020408163265306,0.04838709677419355,6.395487116889378,335.97416112127763
94,SEMBAWANG HILLS,0.125,0.2926829268292683,0.05555555555555555,0.19834710743801653,0.1437908496732026,0.061224489795918366,0.20161290322580644,19.650222607515353,7606.566480324025
95,YISHUN CENTRAL,0.4375,0.13414634146341464,0.5185185185185185,0.12396694214876033,0.20915032679738563,0.27040816326530615,0.2701612903225806,35.790786206523755,5963.955120594485
96,WOODGROVE,0.4791666666666667,0.24390243902439024,0.25,0.2809917355371901,0.1437908496732026,0.3520408163265306,0.2217741935483871,35.933215109668446,20152.943148238388
97,CHANGI WEST,0.020833333333333332,0.024390243902439025,0.07407407407407407,0.0743801652892562,0.6274509803921569,0.4336734693877551,0.16129032258064516,25.807992595431205,266.33205117149186
98,WOODLANDS REGIONAL CENTRE,0.75,0.45121951219512196,0.24074074074074073,0.3140495867768595,0.2679738562091503,0.3826530612244898,0.23790322580645162,48.19619058137183,16.67608754517313
99,CRAWFORD,0.2708333333333333,0.17073170731707318,0.4074074074074074,0.4297520661157025,0.7516339869281046,0.3826530612244898,0.5080645161290323,53.236003345547566,10121.621994462475
100,CENTRAL WATER CATCHMENT,0.0,0.012195121951219513,0.0,0.008264462809917356,0.0,0.01020408163265306,0.008064516129032258,0.705813063055283,0.0
101,TENGAH,0.041666666666666664,0.024390243902439025,0.018518518518518517,0.049586776859504134,0.006535947712418301,0.01020408163265306,0.016129032258064516,3.044110074264013,1.3476816235795437
102,MACKENZIE,0.8333333333333334,0.6341463414634146,0.49074074074074076,0.4049586776859504,0.6666666666666666,0.7806122448979592,0.5201612903225806,78.92463499435127,1962.3181054287763
103,LAKESIDE,0.4166666666666667,0.32926829268292684,0.2962962962962963,0.4132231404958678,0.20261437908496732,0.29081632653061223,0.25806451612903225,40.22119728678538,341.96914862079507
104,SAUJANA,0.2916666666666667,0.24390243902439024,0.32407407407407407,0.3305785123966942,0.3660130718954248,0.3877551020408163,0.29435483870967744,40.7933662092956,38143.738922183176
105,CLEMENTI WOODS,0.3541666666666667,0.5853658536585366,0.12037037037037036,0.2975206611570248,0.24836601307189543,0.21428571428571427,0.21370967741935484,37.06530738922634,15086.012925299085
106,BUKIT HO SWEE,0.4166666666666667,0.6097560975609756,0.3148148148148148,0.3884297520661157,0.48366013071895425,0.4744897959183674,0.5887096774193549,59.71402120224255,25907.077300669673
107,WENYA,0.0625,0.08536585365853659,0.037037037037037035,0.12396694214876033,0.032679738562091505,0.061224489795918366,0.04032258064516129,8.075344042483797,4164.510568429753
108,LOYANG WEST,0.020833333333333332,0.12195121951219512,0.027777777777777776,0.01652892561983471,0.058823529411764705,0.015306122448979591,0.020161290322580645,5.128131980982535,103.33424201874503
109,QUEENSWAY,0.20833333333333334,0.5853658536585366,0.1111111111111111,0.23140495867768596,0.1895424836601307,0.23469387755102042,0.24596774193548387,32.92161672811032,424.5972292479136
110,GOODWOOD PARK,0.7291666666666666,0.5609756097560976,0.7592592592592593,0.5867768595041323,0.6078431372549019,0.9744897959183674,0.5524193548387096,86.9492183669641,3563.2782996427645
111,TRAFALGAR,0.7291666666666666,0.7195121951219512,0.46296296296296297,0.8842975206611571,0.8562091503267973,0.7346938775510204,0.8588709677419355,95.60203345360338,28372.013927278957
112,CECIL,0.4166666666666667,0.7317073170731707,0.5555555555555556,0.8677685950413223,0.7320261437908496,0.6071428571428571,0.9153225806451613,87.95630273300145,1313.5051369340226
113,SEMAKAU,0.0,0.0,0.0,0.0,0.006535947712418301,0.0,0.0,0.11911628623813258,0.0
114,BANGKIT,0.14583333333333334,0.2073170731707317,0.28703703703703703,0.2727272727272727,0.26143790849673204,0.34183673469387754,0.11693548387096774,29.76336024400649,28985.314280536102
115,WATERWAY EAST,0.22916666666666666,0.23170731707317074,0.12037037037037036,0.2231404958677686,0.17647058823529413,0.3010204081632653,0.2217741935483871,27.403708909324514,35175.771460420394
116,MANDAI EAST,0.020833333333333332,0.024390243902439025,0.009259259259259259,0.008264462809917356,0.0,0.00510204081632653,0.016129032258064516,1.530488351848943,0.0
117,COMMONWEALTH,0.22916666666666666,0.6707317073170732,0.2222222222222222,0.2644628099173554,0.23529411764705882,0.2755102040816326,0.35080645161290325,40.97287083420705,22392.542127199362
118,JURONG WEST CENTRAL,0.20833333333333334,0.35365853658536583,0.24074074074074073,0.30578512396694213,0.1895424836601307,0.4387755102040816,0.27419354838709675,36.65058986360766,45092.42218330168
119,MARYMOUNT,0.22916666666666666,0.2804878048780488,0.2962962962962963,0.256198347107438,0.1503267973856209,0.07142857142857142,0.20161290322580644,27.07324508487653,14979.591662397414
120,PORT,0.041666666666666664,0.08536585365853659,0.07407407407407407,0.10743801652892562,0.7581699346405228,0.5459183673469388,0.2540322580645161,34.01958409103587,15.679984039759773
121,JURONG PORT,0.0,0.0,0.009259259259259259,0.01652892561983471,0.0457516339869281,0.015306122448979591,0.016129032258064516,1.8766974534065037,0.0
122,WOODLEIGH,0.3125,0.2073170731707317,0.08333333333333333,0.2231404958677686,0.16993464052287582,0.1683673469387755,0.13306451612903225,23.64953604417256,2991.96987385061
123,YUHUA WEST,0.375,0.4024390243902439,0.37037037037037035,0.3305785123966942,0.28104575163398693,0.22448979591836735,0.22580645161290322,40.27186746466354,24521.188968072125
124,MARINA EAST,0.0,0.012195121951219513,0.0,0.3884297520661157,0.06535947712418301,0.0663265306122449,0.12903225806451613,12.052841027865579,0.0
125,DAIRY FARM,0.16666666666666666,0.08536585365853659,0.018518518518518517,0.18181818181818182,0.1111111111111111,0.05612244897959184,0.04032258064516129,12.02700231134112,5577.7909434204485
126,PULAU PUNGGOL BARAT,0.0,0.0,0.0,0.03305785123966942,0.006535947712418301,0.0,0.008064516129032258,0.8685628696269589,0.0
127,WOODLANDS EAST,0.75,0.45121951219512196,0.24074074074074073,0.3140495867768595,0.2679738562091503,0.3826530612244898,0.23790322580645162,48.19619058137183,38503.87655500617
128,PUNGGOL CANAL,0.25,0.25609756097560976,0.12037037037037036,0.2231404958677686,0.1895424836601307,0.3010204081632653,0.2217741935483871,28.46613176112225,0.0
129,TAI SENG,0.1875,0.17073170731707318,0.08333333333333333,0.15702479338842976,0.21568627450980393,0.2653061224489796,0.2903225806451613,24.966229970383402,7648.707996898691
130,HILLVIEW,0.1875,0.10975609756097561,0.037037037037037035,0.21487603305785125,0.1503267973856209,0.09183673469387756,0.13306451612903225,16.846946794483316,9629.838349689926
131,EAST COAST,0.3125,0.2073170731707317,0.09259259259259259,0.19834710743801653,0.16339869281045752,0.1683673469387755,0.20967741935483872,24.643567698151813,0.0
132,BRICKWORKS,0.3333333333333333,0.45121951219512196,0.48148148148148145,0.2727272727272727,0.29411764705882354,0.4030612244897959,0.35080645161290325,47.142924094722936,16062.608075170188
133,TAMPINES WEST,0.8125,0.5,0.4444444444444444,0.371900826446281,0.29411764705882354,0.2602040816326531,0.2056451612903226,52.64800016513155,22772.00700036092
134,SOMERSET,0.5625,0.4024390243902439,0.6759259259259259,0.5289256198347108,0.46405228758169936,0.9897959183673469,0.5685483870967742,76.40173821255998,422.12427495006654
135,ULU PANDAN,0.5416666666666666,0.7560975609756098,0.2962962962962963,0.32231404958677684,0.24183006535947713,0.40816326530612246,0.4475806451612903,54.92858479108181,8910.397659809627
136,BOON TECK,0.4583333333333333,0.5,0.8240740740740741,0.35537190082644626,0.42483660130718953,0.4030612244897959,0.4798387096774194,62.79380887600758,34782.54444789162
137,PENG SIANG,0.375,0.15853658536585366,0.32407407407407407,0.3884297520661157,0.2875816993464052,0.3673469387755102,0.20161290322580644,38.31911832149492,39975.02358539206
138,PLAB,0.0,0.024390243902439025,0.009259259259259259,0.01652892561983471,0.013071895424836602,0.01020408163265306,0.020161290322580645,1.7061265712362408,0.0
139,TECK WHYE,0.4166666666666667,0.5121951219512195,0.14814814814814814,0.2231404958677686,0.2875816993464052,0.22448979591836735,0.08870967741935484,34.644082722379004,24119.03334185444
140,LITTLE INDIA,0.5416666666666666,0.3902439024390244,0.46296296296296297,0.34710743801652894,0.5816993464052288,0.673469387755102,0.4838709677419355,63.440876979092984,11671.185955076973
141,COMPASSVALE,0.5,0.3048780487804878,0.2777777777777778,0.2396694214876033,0.42483660130718953,0.35714285714285715,0.1975806451612903,41.951381268610724,19310.867269378403
142,SPRINGLEAF,0.020833333333333332,0.024390243902439025,0.05555555555555555,0.06611570247933884,0.05228758169934641,0.05612244897959184,0.10080645161290322,6.854550454107066,1964.8557569008947
143,KAKI BUKIT,0.14583333333333334,0.0975609756097561,0.12962962962962962,0.06611570247933884,0.24836601307189543,0.17346938775510204,0.05241935483870968,16.646422706384175,13084.89066254771
144,PANDAN,0.5416666666666666,0.7560975609756098,0.2962962962962963,0.32231404958677684,0.24183006535947713,0.40816326530612246,0.4475806451612903,54.92858479108181,15.13134792113363
145,MAXWELL,0.6041666666666666,0.7317073170731707,0.6388888888888888,0.9421487603305785,0.803921568627451,0.6530612244897959,0.8064516129032258,94.41072798352877,0.0
146,PHILLIP,0.3333333333333333,0.47560975609756095,0.4722222222222222,1.0,0.7450980392156863,0.6785714285714286,0.967741935483871,85.15673777301348,251.86724716605664
147,JURONG ISLAND AND BUKOM,0.0,0.036585365853658534,0.0,0.03305785123966942,0.006535947712418301,0.00510204081632653,0.008064516129032258,1.6283071766373483,0.27060187951204184
148,SENTOSA,0.0,0.036585365853658534,0.018518518518518517,0.15702479338842976,0.06535947712418301,0.02040816326530612,0.12096774193548387,7.633710285231104,391.7408791782416
149,NATURE RESERVE,0.0625,0.0,0.0,0.18181818181818182,0.032679738562091505,0.00510204081632653,0.03225806451612903,5.729109567523903,923.4390489546055
150,SERANGOON NORTH IND ESTATE,0.3125,0.2804878048780488,0.2777777777777778,0.36363636363636365,0.2549019607843137,0.23469387755102042,0.20967741935483872,35.240827990638806,10.780119936762175
151,CLARKE QUAY,0.4375,0.4268292682926829,0.4444444444444444,0.8677685950413223,0.8366013071895425,0.6887755102040817,0.7983870967741935,82.01714390616787,444.9946271419318
152,MIDVIEW,0.20833333333333334,0.18292682926829268,0.09259259259259259,0.2644628099173554,0.19607843137254902,0.22959183673469388,0.29838709677419356,26.833690092883778,37413.09624708946
153,NORTH COAST,0.041666666666666664,0.036585365853658534,0.018518518518518517,0.008264462809917356,0.0915032679738562,0.0663265306122449,0.06854838709677419,6.0399365593913785,4904.191298479805
154,SIMEI,0.5208333333333334,0.4146341463414634,0.7592592592592593,0.3140495867768595,0.3660130718954248,0.25510204081632654,0.2056451612903226,51.67706415526738,14102.737045864902
155,SEMBAWANG STRAITS,0.0,0.036585365853658534,0.009259259259259259,0.08264462809917356,0.006535947712418301,0.015306122448979591,0.04032258064516129,3.4746277055359633,1231.3808864692858
156,KAMPONG TIONG BAHRU,0.375,0.573170731707317,0.3055555555555556,0.38016528925619836,0.33986928104575165,0.32142857142857145,0.2903225806451613,47.12041805767203,24497.468366258392
157,ONE NORTH,0.4375,0.5853658536585366,0.8055555555555556,0.2892561983471074,0.24183006535947713,0.3010204081632653,0.14112903225806453,51.05961757005384,348.5898762615594
158,CHOA CHU KANG CENTRAL,0.375,0.12195121951219512,0.3148148148148148,0.32231404958677684,0.3006535947712418,0.4030612244897959,0.2217741935483871,37.53521797403161,20394.991970777704
159,CONEY ISLAND,0.0,0.0,0.0,0.03305785123966942,0.0196078431372549,0.00510204081632653,0.020161290322580645,1.4202402647691859,0.0
160,GOMBAK,0.4166666666666667,0.23170731707317074,0.16666666666666666,0.35537190082644626,0.21568627450980393,0.15306122448979592,0.15725806451612903,30.916866937601405,4011.0709570030667
161,FABER,0.20833333333333334,0.12195121951219512,0.19444444444444445,0.3305785123966942,0.3333333333333333,0.413265306122449,0.33064516129032256,35.2203452646984,5615.267029168379
162,SHIPYARD,0.0,0.024390243902439025,0.027777777777777776,0.08264462809917356,0.05228758169934641,0.01020408163265306,0.020161290322580645,3.963265345035125,0.0
163,SINGAPORE POLYTECHNIC,0.7291666666666666,0.975609756097561,0.10185185185185185,0.256198347107438,0.1503267973856209,0.11734693877551021,0.18951612903225806,45.92677579260234,104.9291767640843
164,SIMPANG NORTH,0.020833333333333332,0.0,0.0,0.008264462809917356,0.013071895424836602,0.0,0.012096774193548387,0.9889950399256069,0.0
165,BALESTIER,0.625,0.5487804878048781,1.0,0.4132231404958678,0.5098039215686274,0.46938775510204084,0.5282258064516129,74.61997227442087,16720.00814290652
166,MARINE PARADE,0.375,0.2926829268292683,0.2962962962962963,0.4297520661157025,0.2549019607843137,0.413265306122449,0.5806451612903226,48.159809058004356,23017.1384370561
167,AIRPORT ROAD,0.125,0.13414634146341464,0.06481481481481481,0.14049586776859505,0.2679738562091503,0.22448979591836735,0.29435483870967744,22.804235736234812,0.0
168,MARINA SOUTH,0.041666666666666664,0.024390243902439025,0.046296296296296294,0.4793388429752066,0.22875816993464052,0.35714285714285715,0.27419354838709675,26.458508976131707,0.0
169,GEYLANG EAST,0.3333333333333333,0.36585365853658536,0.24074074074074073,0.39669421487603307,0.39215686274509803,0.2857142857142857,0.5564516129032258,46.854932033781,11523.438841555379
170,GUILIN,0.2708333333333333,0.2073170731707317,0.3055555555555556,0.30578512396694213,0.2549019607843137,0.32142857142857145,0.21774193548387097,34.32755359819222,11845.665699767971
171,MARGARET DRIVE,0.25,0.47560975609756095,0.10185185185185185,0.2066115702479339,0.1568627450980392,0.21428571428571427,0.2661290322580645,30.460017973307053,15570.294205591554
172,HILLCREST,0.7291666666666666,0.7195121951219512,0.46296296296296297,0.8842975206611571,0.8562091503267973,0.7346938775510204,0.8588709677419355,95.60203345360338,3567.8864541264784
173,RAFFLES PLACE,0.2916666666666667,0.5121951219512195,0.5370370370370371,0.9669421487603306,0.7189542483660131,0.6938775510204082,1.0,86.0332784321901,210.48378353524123
174,MANDAI WEST,0.020833333333333332,0.024390243902439025,0.009259259259259259,0.008264462809917356,0.0,0.00510204081632653,0.016129032258064516,1.530488351848943,0.0
175,CHIN BEE,0.14583333333333334,0.1951219512195122,0.2222222222222222,0.24793388429752067,0.1111111111111111,0.4642857142857143,0.32661290322580644,31.221275725093527,0.0
176,BUKIT MERAH,0.125,0.1951219512195122,0.08333333333333333,0.14049586776859505,0.2222222222222222,0.413265306122449,0.20161290322580644,25.169377573803903,2677.958799229052
177,BEDOK SOUTH,0.08333333333333333,0.04878048780487805,0.07407407407407407,0.14049586776859505,0.13071895424836602,0.04591836734693878,0.04435483870967742,10.345775508598095,15473.203687327765
178,HOLLAND DRIVE,0.2708333333333333,0.2804878048780488,0.3055555555555556,0.3140495867768595,0.27450980392156865,0.3877551020408163,0.46774193548387094,41.93402708118638,27407.919897715372
179,PUNGGOL FIELD,0.4791666666666667,0.32926829268292684,0.17592592592592593,0.2975206611570248,0.2679738562091503,0.2193877551020408,0.21774193548387097,36.21238962271772,35274.06152115927
180,ISTANA NEGARA,0.4583333333333333,0.32926829268292684,0.6203703703703703,0.45454545454545453,0.39869281045751637,0.8112244897959183,0.3951612903225806,63.19621588368962,109.66061337955117
181,MANDAI ESTATE,0.041666666666666664,0.07317073170731707,0.018518518518518517,0.049586776859504134,0.032679738562091505,0.025510204081632654,0.03225806451612903,4.9824886026530955,14503.673767937558
182,BUKIT BATOK SOUTH,0.3541666666666667,0.4024390243902439,0.3333333333333333,0.3305785123966942,0.29411764705882354,0.32142857142857145,0.2056451612903226,40.85467826811771,8209.106638890864
183,CHANGI POINT,0.020833333333333332,0.024390243902439025,0.07407407407407407,0.0743801652892562,0.6274509803921569,0.4336734693877551,0.16129032258064516,25.807992595431205,538.5769783691045
184,CHANGI BAY,0.020833333333333332,0.18292682926829268,0.037037037037037035,0.04132231404958678,0.0457516339869281,0.00510204081632653,0.028225806451612902,6.582776479197236,0.0
185,SEMBAWANG NORTH,0.2708333333333333,0.23170731707317074,0.12037037037037036,0.2231404958677686,0.23529411764705882,0.3010204081632653,0.1975806451612903,28.794199428112393,18187.59142876278
186,GEYLANG BAHRU,0.3125,0.15853658536585366,0.18518518518518517,0.256198347107438,0.24183006535947713,0.18877551020408162,0.29838709677419356,29.91440634640276,15233.90563425752
187,MATILDA,0.14583333333333334,0.14634146341463414,0.08333333333333333,0.10743801652892562,0.10457516339869281,0.22448979591836735,0.15725806451612903,17.664728824095285,38898.639158634694
188,TOA PAYOH CENTRAL,0.5833333333333334,0.47560975609756095,0.42592592592592593,0.32231404958677684,0.46405228758169936,0.41836734693877553,0.5362903225806451,58.79122867788338,25136.3269487025
189,PEOPLE'S PARK,0.5208333333333334,0.4634146341463415,0.4444444444444444,0.8842975206611571,0.7712418300653595,0.6377551020408163,1.0,86.05722746505523,3092.755104843849
190,VICTORIA,0.125,0.13414634146341464,0.10185185185185185,0.19834710743801653,0.13725490196078433,0.15816326530612246,0.23387096774193547,19.840135932016178,8159.755933745802
191,LIU FANG,0.041666666666666664,0.036585365853658534,0.0,0.06611570247933884,0.0196078431372549,0.01020408163265306,0.016129032258064516,3.468336288874791,4.246925804096777
192,KIM KEAT,0.4791666666666667,0.3902439024390244,0.25925925925925924,0.33884297520661155,0.2679738562091503,0.17346938775510204,0.2782258064516129,39.86093390548563,21382.91725209617
193,SENOKO NORTH,0.0,0.024390243902439025,0.018518518518518517,0.15702479338842976,0.0457516339869281,0.030612244897959183,0.05241935483870968,5.990795048573512,4.431696725784207
194,SENJA,0.4583333333333333,0.23170731707317074,0.28703703703703703,0.2892561983471074,0.38562091503267976,0.32653061224489793,0.2056451612903226,39.805324969542724,32062.545959835108
195,YUNNAN,0.16666666666666666,0.18292682926829268,0.2222222222222222,0.24793388429752067,0.23529411764705882,0.2193877551020408,0.15725806451612903,26.092243775665192,30389.732313377957
196,LEONIE HILL,0.4791666666666667,0.36585365853658536,0.75,0.5785123966942148,0.5555555555555556,1.0,0.3185483870967742,73.76733547093848,8410.52349641305
197,RIVERVALE,0.3333333333333333,0.2682926829268293,0.16666666666666666,0.2727272727272727,0.32679738562091504,0.2193877551020408,0.125,31.204581390841163,37794.51327666452
198,SENOKO WEST,0.0,0.024390243902439025,0.018518518518518517,0.15702479338842976,0.0457516339869281,0.030612244897959183,0.05241935483870968,5.990795048573512,21.9293829743258
199,BUGIS,0.9375,0.7073170731707317,0.5462962962962963,0.628099173553719,0.9803921568627451,0.7551020408163265,0.8588709677419355,98.66132659934163,3155.3456480894283
200,LAVENDER,0.2916666666666667,0.18292682926829268,0.39814814814814814,0.48760330578512395,0.7254901960784313,0.4030612244897959,0.5161290322580645,54.765962301093715,12699.702192646231
201,KEBUN BAHRU,0.041666666666666664,0.06097560975609756,0.027777777777777776,0.09090909090909091,0.0718954248366013,0.025510204081632654,0.06048387096774194,6.9111808496124585,21472.07688579387
202,BENOI SECTOR,0.020833333333333332,0.04878048780487805,0.037037037037037035,0.008264462809917356,0.0196078431372549,0.01020408163265306,0.03225806451612903,3.2255204303660223,4.862943702261615
203,TELOK BLANGAH WAY,0.4583333333333333,0.4878048780487805,0.14814814814814814,0.256198347107438,0.27450980392156865,0.20408163265306123,0.24596774193548387,37.81724277113291,33119.16363024682
204,PASIR PANJANG 2,0.0625,0.07317073170731707,0.027777777777777776,0.1322314049586777,0.1111111111111111,0.09183673469387756,0.20161290322580644,12.76174029782052,3562.485940667697
205,GHIM MOH,0.3541666666666667,0.32926829268292684,0.25925925925925924,0.256198347107438,0.20261437908496732,0.41836734693877553,0.47580645161290325,41.8383035740994,28363.00434388409
206,JELEBU,0.20833333333333334,0.18292682926829268,0.3611111111111111,0.2975206611570248,0.40522875816993464,0.39285714285714285,0.2540322580645161,38.30869631224494,34131.25471438624
207,PASIR RIS PARK,0.08333333333333333,0.12195121951219512,0.12962962962962962,0.45454545454545453,0.3137254901960784,0.32653061224489793,0.2620967741935484,30.83293081658338,4401.384754386471
208,KATONG,0.4375,0.2804878048780488,0.3055555555555556,0.4380165289256198,0.39215686274509803,0.40816326530612246,0.5,50.33468827851388,8616.763426900723
209,LORONG 8 TOA PAYOH,0.3333333333333333,0.25609756097560976,0.28703703703703703,0.2809917355371901,0.29411764705882354,0.21428571428571427,0.33064516129032256,36.38594606984905,16176.899693125457
210,SHANGRI-LA,0.4166666666666667,0.2804878048780488,0.6759259259259259,0.5041322314049587,0.48366013071895425,0.6377551020408163,0.4475806451612903,62.806432516577416,23044.8978138207
211,PIONEER SECTOR,0.1875,0.23170731707317074,0.26851851851851855,0.35537190082644626,0.22875816993464052,0.336734693877551,0.21774193548387097,33.28453021079248,0.0
212,JURONG GATEWAY,0.22916666666666666,0.32926829268292684,0.3148148148148148,0.36363636363636365,0.2875816993464052,0.6071428571428571,0.3548387096774194,45.31502269470206,805.937239155991
213,ANSON,0.3958333333333333,0.7073170731707317,0.46296296296296297,0.7851239669421488,0.6993464052287581,0.46938775510204084,0.8225806451612904,79.14210864262522,769.7224498547229
214,SWISS CLUB,0.1875,0.012195121951219513,0.037037037037037035,0.2231404958677686,0.0,0.025510204081632654,0.14919354838709678,11.565022901153775,1529.9210655217205
215,FLORA DRIVE,0.3541666666666667,0.32926829268292684,0.10185185185185185,0.2644628099173554,0.2222222222222222,0.18877551020408162,0.09274193548387097,28.31201884743682,15430.628253013254
216,TUKANG,0.041666666666666664,0.024390243902439025,0.0,0.06611570247933884,0.0196078431372549,0.02040816326530612,0.028225806451612902,3.6525111846762983,5.2799354526415305
217,SUNGEI ROAD,0.75,0.5121951219512195,0.5185185185185185,0.4628099173553719,1.0,0.7551020408163265,0.9717741935483871,90.58450134775896,17504.436893236758
218,TOH GUAN,0.3541666666666667,0.6219512195121951,0.49074074074074076,0.38016528925619836,0.33986928104575165,0.6224489795918368,0.6008064516129032,62.149248741144824,19403.95379770721
219,FORT CANNING,0.7291666666666666,0.5975609756097561,0.3148148148148148,0.628099173553719,0.7450980392156863,0.7142857142857143,0.8709677419354839,83.83391697867046,490.08761485151126
220,PASIR PANJANG 1,0.0625,0.07317073170731707,0.027777777777777776,0.1322314049586777,0.1111111111111111,0.09183673469387756,0.20161290322580644,12.76174029782052,4129.677286346239
221,MALCOLM,0.22916666666666666,0.3170731707317073,0.027777777777777776,0.21487603305785125,0.1111111111111111,0.025510204081632654,0.08870967741935484,18.48403291220509,2218.072082002121
222,PENJURU CRESCENT,0.10416666666666667,0.04878048780487805,0.009259259259259259,0.04132231404958678,0.0196078431372549,0.030612244897959183,0.024193548387096774,5.065441718447061,3.2570700573160676
223,PAYA LEBAR WEST,0.3125,0.3170731707317073,0.2037037037037037,0.30578512396694213,0.35947712418300654,0.30612244897959184,0.3911290322580645,40.0178265788496,0.0
224,WOODLANDS SOUTH,0.3541666666666667,0.21951219512195122,0.018518518518518517,0.15702479338842976,0.12418300653594772,0.10204081632653061,0.05241935483870968,18.732632021918878,25841.275529175684
225,PASIR RIS WAFER FAB PARK,0.0,0.0,0.0,0.0743801652892562,0.013071895424836602,0.0663265306122449,0.008064516129032258,2.9495569367383725,1.899454664952571
226,MOUNT EMILY,0.7291666666666666,0.7195121951219512,0.46296296296296297,0.8842975206611571,0.8562091503267973,0.7346938775510204,0.8588709677419355,95.60203345360338,8346.202809544911
227,SINGAPORE GENERAL HOSPITAL,0.3541666666666667,0.32926829268292684,0.8888888888888888,0.4214876033057851,0.5882352941176471,0.37244897959183676,0.6048387096774194,64.86812900338099,18.63564416268198
228,HOLLAND ROAD,0.041666666666666664,0.06097560975609756,0.037037037037037035,0.08264462809917356,0.058823529411764705,0.04081632653061224,0.024193548387096774,6.308645556930948,3173.547255137726
229,CLEMENTI NORTH,0.3541666666666667,0.18292682926829268,0.5,0.34710743801652894,0.26143790849673204,0.47959183673469385,0.31048387096774194,44.390390547169865,28876.112486185928
230,MARITIME SQUARE,0.0625,0.10975609756097561,0.09259259259259259,0.34710743801652894,0.47058823529411764,0.6581632653061225,0.5282258064516129,41.350839452350584,1330.8905933475914
231,CHONG BOON,0.3958333333333333,0.24390243902439024,0.3611111111111111,0.21487603305785125,0.27450980392156865,0.37244897959183676,0.2661290322580645,38.797132365891066,24404.09588334293
232,SEMBAWANG EAST,0.2708333333333333,0.23170731707317074,0.12037037037037036,0.2231404958677686,0.23529411764705882,0.3010204081632653,0.1975806451612903,28.794199428112393,22719.342202322998
233,GUL BASIN,0.0,0.0,0.018518518518518517,0.03305785123966942,0.026143790849673203,0.0,0.024193548387096774,1.8573561274316728,5.613578755475555
234,SUDONG,0.0,0.0,0.0,0.0,0.0,0.0,0.0,0.0,0.0
235,ALEXANDRA HILL,0.10416666666666667,0.18292682926829268,0.25925925925925924,0.24793388429752067,0.1503267973856209,0.2193877551020408,0.2903225806451613,26.504747957778836,13004.71589441699
236,FERNVALE,0.14583333333333334,0.10975609756097561,0.1111111111111111,0.11570247933884298,0.16339869281045752,0.2193877551020408,0.23387096774193547,20.030147633801203,25433.92204545393
237,CLEMENTI CENTRAL,0.3541666666666667,0.18292682926829268,0.5,0.34710743801652894,0.26143790849673204,0.47959183673469385,0.31048387096774194,44.390390547169865,18590.36472510702
238,MARINA EAST (MP),0.0,0.012195121951219513,0.0,0.3884297520661157,0.06535947712418301,0.0663265306122449,0.12903225806451613,12.052841027865579,0.0
239,TENGEH,0.0,0.012195121951219513,0.009259259259259259,0.049586776859504134,0.026143790849673203,0.00510204081632653,0.012096774193548387,2.0846202822794253,0.0
240,YIO CHU KANG,0.4583333333333333,0.6097560975609756,0.19444444444444445,0.3140495867768595,0.2222222222222222,0.1326530612244898,0.1532258064516129,37.992941917527524,21.845018788670046
241,TOA PAYOH WEST,0.5208333333333334,0.34146341463414637,0.6574074074074074,0.33884297520661155,0.30718954248366015,0.4489795918367347,0.4153225806451613,55.22182708914309,13751.30950241867
242,MEI CHIN,0.14583333333333334,0.6463414634146342,0.2222222222222222,0.3140495867768595,0.2222222222222222,0.4489795918367347,0.3387096774193548,42.61608946276173,20657.419751983725
243,KHATIB,0.2916666666666667,0.17073170731707318,0.32407407407407407,0.19834710743801653,0.13725490196078433,0.14285714285714285,0.14919354838709678,25.772136406346487,7105.431835805034
244,YISHUN EAST,0.4583333333333333,0.17073170731707318,0.6111111111111112,0.1487603305785124,0.24836601307189543,0.32653061224489793,0.3790322580645161,42.69823349266254,34103.67311478781
245,YIO CHU KANG EAST,0.4583333333333333,0.6097560975609756,0.19444444444444445,0.3140495867768595,0.2222222222222222,0.1326530612244898,0.1532258064516129,37.992941917527524,2240.7107501680907
246,XILIN,0.041666666666666664,0.024390243902439025,0.037037037037037035,0.10743801652892562,0.0784313725490196,0.2857142857142857,0.33064516129032256,16.49931923948415,223.16083203179005
247,HENDERSON HILL,0.5208333333333334,0.6707317073170732,0.28703703703703703,0.36363636363636365,0.35947712418300654,0.3520408163265306,0.23790322580645162,50.87741511016738,22220.828704317315
248,SENGKANG WEST,0.5,0.3048780487804878,0.25925925925925924,0.21487603305785125,0.477124183006536,0.3163265306122449,0.17338709677419356,40.930169637206184,5.947880484018288
249,SENOKO SOUTH,0.0,0.024390243902439025,0.018518518518518517,0.15702479338842976,0.0457516339869281,0.030612244897959183,0.05241935483870968,5.990795048573512,17.106866098871716
250,SAMULUN,0.0,0.0,0.009259259259259259,0.049586776859504134,0.0457516339869281,0.015306122448979591,0.020161290322580645,2.5526569731080953,5.118365307753585
251,KAMPONG BUGIS,0.16666666666666666,0.12195121951219512,0.12962962962962962,0.3884297520661157,0.7320261437908496,0.2857142857142857,0.4032258064516129,40.59833904955052,1232.5345036411059
252,DOVER,0.7083333333333334,1.0,0.10185185185185185,0.2727272727272727,0.1503267973856209,0.12244897959183673,0.20967741935483872,46.753254925203336,7937.0895491602605
253,NORTH-EASTERN ISLANDS,0.0,0.0,0.0,0.0,0.0,0.0,0.0,0.0,0.7385262351338553
254,THE WHARVES,0.020833333333333332,0.04878048780487805,0.018518518518518517,0.08264462809917356,0.0196078431372549,0.015306122448979591,0.036290322580645164,4.41005800734844,0.0
255,BOAT QUAY,0.4791666666666667,0.6463414634146342,0.5277777777777778,0.9256198347107438,0.7908496732026143,0.8112244897959183,0.907258064516129,92.73207760532466,803.0136290990889
256,BAYSHORE,0.10416666666666667,0.08536585365853659,0.08333333333333333,0.23140495867768596,0.17647058823529413,0.09183673469387756,0.1774193548387097,17.31350646238244,2901.517595188987
257,PUNGGOL TOWN CENTRE,0.25,0.25609756097560976,0.12037037037037036,0.2231404958677686,0.1895424836601307,0.3010204081632653,0.2217741935483871,28.46613176112225,18638.245039502894
258,TANJONG IRAU,0.020833333333333332,0.0,0.0,0.008264462809917356,0.013071895424836602,0.0,0.012096774193548387,0.9889950399256069,0.0
259,MARINA CENTRE,0.7291666666666666,0.7195121951219512,0.46296296296296297,0.8842975206611571,0.8562091503267973,0.7346938775510204,0.8588709677419355,95.60203345360338,11.199134073353875
260,ORANGE GROVE,0.4791666666666667,0.3048780487804878,0.23148148148148148,0.38016528925619836,0.35947712418300654,0.14285714285714285,0.3467741935483871,40.91101165010184,5288.26844967447
261,FARRER PARK,0.2916666666666667,0.3170731707317073,0.5740740740740741,0.39669421487603307,0.7647058823529411,0.3877551020408163,0.6532258064516129,61.694472549435154,10658.909108506996
262,PASIR RIS WEST,0.25,0.14634146341463414,0.1111111111111111,0.35537190082644626,0.29411764705882354,0.34183673469387754,0.13709677419354838,29.813492782002832,22451.626590359097
263,JURONG RIVER,0.020833333333333332,0.036585365853658534,0.009259259259259259,0.06611570247933884,0.0457516339869281,0.030612244897959183,0.024193548387096774,4.252774997405458,3.8786297965674486
264,GALI BATU,0.0625,0.04878048780487805,0.018518518518518517,0.06611570247933884,0.0196078431372549,0.015306122448979591,0.024193548387096774,4.647726913047653,5.745992417182776
265,KOVAN,0.4583333333333333,0.32926829268292684,0.24074074074074073,0.34710743801652894,0.3006535947712418,0.27040816326530615,0.3024193548387097,40.986297734215185,12647.001499432576
266,LEEDON PARK,0.10416666666666667,0.06097560975609756,0.1388888888888889,0.18181818181818182,0.0915032679738562,0.2602040816326531,0.1774193548387097,18.49772721629235,3121.1398614258355
267,PANG SUA,0.14583333333333334,0.10975609756097561,0.1111111111111111,0.24793388429752067,0.11764705882352941,0.20408163265306123,0.08064516129032258,18.534764139264006,9.132343799824964
268,TAMPINES NORTH,0.08333333333333333,0.17073170731707318,0.018518518518518517,0.10743801652892562,0.16339869281045752,0.10204081632653061,0.056451612903225805,12.792212774145911,3140.357832259446
269,JOO KOON,0.0625,0.08536585365853659,0.046296296296296294,0.04132231404958678,0.058823529411764705,0.025510204081632654,0.0967741935483871,7.592309589962618,12.684027606028964
270,PEI CHUN,0.5416666666666666,0.2682926829268293,0.4351851851851852,0.33884297520661155,0.3006535947712418,0.3826530612244898,0.1532258064516129,44.113472531854626,25013.667060068638
271,MONK'S HILL,0.4791666666666667,0.3780487804878049,0.6759259259259259,0.4793388429752066,0.45098039215686275,0.7091836734693877,0.5,66.93317736867147,5958.002872889048
272,TUAS BAY,0.0,0.08536585365853659,0.027777777777777776,0.03305785123966942,0.0392156862745098,0.04081632653061224,0.024193548387096774,4.563980734193654,3.1009330274784457
273,TIONG BAHRU STATION,0.5,0.5853658536585366,0.3148148148148148,0.32231404958677684,0.42483660130718953,0.4387755102040816,0.5201612903225806,56.61108974275662,42814.74617893195
274,INTERNATIONAL BUSINESS PARK,0.08333333333333333,0.15853658536585366,0.2037037037037037,0.19834710743801653,0.19607843137254902,0.5816326530612245,0.2862903225806452,31.126525345293604,20.47977977947318
275,TAGORE,0.041666666666666664,0.12195121951219512,0.009259259259259259,0.08264462809917356,0.0915032679738562,0.030612244897959183,0.08064516129032258,8.352102192365876,2368.4421545195883
276,GUL CIRCLE,0.041666666666666664,0.0975609756097561,0.027777777777777776,0.04132231404958678,0.026143790849673203,0.030612244897959183,0.028225806451612902,5.345505959436505,6.093246544964437
277,CHINA SQUARE,0.5625,0.6341463414634146,0.5370370370370371,0.9834710743801653,0.8169934640522876,0.673469387755102,1.0,94.90774112303195,10679.417965582836
278,MOUNT PLEASANT,0.20833333333333334,0.2926829268292683,0.037037037037037035,0.09917355371900827,0.08496732026143791,0.025510204081632654,0.06854838709677419,14.876036645615356,218.07086471609136
279,TAMAN JURONG,0.20833333333333334,0.12195121951219512,0.12037037037037036,0.32231404958677684,0.13725490196078433,0.09693877551020408,0.0846774193548387,19.898557941800092,26715.14759871265
280,BOULEVARD,0.4166666666666667,0.7317073170731707,0.5555555555555556,0.859504132231405,0.7450980392156863,0.6020408163265306,0.8870967741935484,87.43652411405922,884.2856456400675
281,KAMPONG UBI,0.16666666666666666,0.14634146341463414,0.1388888888888889,0.1487603305785124,0.2875816993464052,0.19387755102040816,0.2620967741935484,24.498008870431683,6240.962657909454
282,TELOK BLANGAH RISE,0.22916666666666666,0.2926829268292683,0.12962962962962962,0.3140495867768595,0.29411764705882354,0.19387755102040816,0.27419354838709675,31.487292744409295,22614.56601887669
283,FAJAR,0.25,0.2682926829268293,0.3055555555555556,0.2727272727272727,0.2679738562091503,0.34183673469387754,0.125,33.37663040622426,41340.15851465113
284,KEAT HONG,0.5625,0.5121951219512195,0.2962962962962963,0.2727272727272727,0.3464052287581699,0.35714285714285715,0.21774193548387097,46.74674973366526,33156.44189832817
285,TUAS NORTH,0.0,0.08536585365853659,0.027777777777777776,0.03305785123966942,0.0392156862745098,0.04081632653061224,0.024193548387096774,4.563980734193654,9.140585571597919
286,TUAS VIEW,0.0,0.08536585365853659,0.027777777777777776,0.03305785123966942,0.0392156862745098,0.04081632653061224,0.024193548387096774,4.563980734193654,1.7501020205568776
287,KENT RIDGE,0.25,0.5121951219512195,0.8425925925925926,0.11570247933884298,0.2222222222222222,0.1326530612244898,0.31451612903225806,43.55509468928877,43.49842238381472
288,TUAS PROMENADE,0.0,0.0,0.0,0.04132231404958678,0.0457516339869281,0.01020408163265306,0.016129032258064516,2.0668200916423265,3.115728856290124
289,REDHILL,0.5208333333333334,0.4634146341463415,0.1574074074074074,0.2892561983471074,0.2875816993464052,0.19387755102040816,0.25,39.40875804248766,27228.12511398478
290,KAMPONG GLAM,0.625,0.6219512195121951,0.5648148148148148,0.4380165289256198,0.8104575163398693,0.8112244897959183,0.842741935483871,85.9154320272652,695.7010891568564
291,TIONG BAHRU,0.5,0.5853658536585366,0.3148148148148148,0.32231404958677684,0.42483660130718953,0.4387755102040816,0.5201612903225806,56.61108974275662,28571.76476521752
292,SEMBAWANG CENTRAL,0.2708333333333333,0.23170731707317074,0.12037037037037036,0.2231404958677686,0.23529411764705882,0.3010204081632653,0.1975806451612903,28.794199428112393,35916.448892025524
293,GREENWOOD PARK,0.375,0.21951219512195122,0.23148148148148148,0.4214876033057851,0.32679738562091504,0.22959183673469388,0.2056451612903226,36.62300457594705,31.00967887615924
294,LOWER SELETAR,0.041666666666666664,0.0,0.018518518518518517,0.08264462809917356,0.0196078431372549,0.02040816326530612,0.04032258064516129,4.067197631149136,2192.659359567586
295,LORONG AH SOO,0.4791666666666667,0.32926829268292684,0.25,0.33884297520661155,0.26143790849673204,0.3469387755102041,0.31048387096774194,42.21114173877586,21183.23512998897
296,RIDOUT,0.14583333333333334,0.0975609756097561,0.009259259259259259,0.23140495867768596,0.1111111111111111,0.11734693877551021,0.23387096774193547,17.247715955514987,773.534363893719
297,JOO SENG,0.22916666666666666,0.24390243902439024,0.07407407407407407,0.1652892561983471,0.2222222222222222,0.27040816326530615,0.27419354838709675,26.95913935089011,7657.748434002646
298,CITY HALL,0.875,0.6463414634146342,0.35185185185185186,0.8925619834710744,0.9084967320261438,0.8010204081632653,1.0,99.78570021724842,111.83295748453283
299,KEMBANGAN,0.2708333333333333,0.13414634146341464,0.16666666666666666,0.256198347107438,0.20261437908496732,0.20918367346938777,0.16129032258064516,25.531713403978106,15586.61303125868
300,TOH TUCK,0.041666666666666664,0.036585365853658534,0.018518518518518517,0.09090909090909091,0.1111111111111111,0.10204081632653061,0.13306451612903225,9.730144998367225,9.561231030849777
301,SERANGOON GARDEN,0.4166666666666667,0.17073170731707318,0.09259259259259259,0.30578512396694213,0.1111111111111111,0.20408163265306123,0.22580645161290322,27.82516170278625,11854.774885909555
302,KALLANG BAHRU,0.25,0.17073170731707318,0.24074074074074073,0.38016528925619836,0.7320261437908496,0.4030612244897959,0.6774193548387096,52.0161885426361,23.664705111153282
303,CHANGI AIRPORT,0.041666666666666664,0.0975609756097561,0.07407407407407407,0.10743801652892562,0.7712418300653595,0.5561224489795918,0.2701612903225806,34.95998573993829,0.28302957503739984
304,YISHUN WEST,0.4583333333333333,0.17073170731707318,0.6111111111111112,0.1487603305785124,0.24836601307189543,0.32653061224489793,0.3790322580645161,42.69823349266254,35281.792115300384
305,BISHAN EAST,0.5416666666666666,0.4878048780487805,0.25,0.33884297520661155,0.21568627450980393,0.45408163265306123,0.31451612903225806,47.43181680973093,15670.828672816158
306,BAYFRONT SUBZONE,0.0625,0.10975609756097561,0.35185185185185186,0.7768595041322314,0.40522875816993464,0.44387755102040816,0.7137096774193549,52.19185694116919,0.0
307,SIGLAP,0.375,0.2073170731707317,0.16666666666666666,0.19834710743801653,0.1830065359477124,0.2857142857142857,0.2903225806451613,31.098315422026463,5826.884439929959
308,SIMPANG SOUTH,0.020833333333333332,0.0,0.0,0.008264462809917356,0.013071895424836602,0.0,0.012096774193548387,0.9889950399256069,0.0
309,UPPER PAYA LEBAR,0.3125,0.3170731707317073,0.2037037037037037,0.30578512396694213,0.35947712418300654,0.30612244897959184,0.3911290322580645,40.0178265788496,18704.194496677024
310,PATERSON,0.5208333333333334,0.3780487804878049,0.7777777777777778,0.5619834710743802,0.6274509803921569,0.9693877551020408,0.5967741935483871,80.7769480960933,1377.0364733044055
311,SERANGOON CENTRAL,0.5208333333333334,0.3170731707317073,0.2037037037037037,0.3140495867768595,0.29411764705882354,0.5,0.31451612903225806,44.911237245216626,23161.020623790417
312,ANAK BUKIT,0.5,0.9390243902439024,0.2037037037037037,0.23140495867768596,0.13725490196078433,0.25510204081632654,0.34274193548387094,47.55270868379209,7847.183401354105
313,RESERVOIR VIEW,0.3958333333333333,0.3170731707317073,0.21296296296296297,0.2066115702479339,0.22875816993464052,0.20918367346938777,0.21774193548387097,32.588931468718776,6.049189124761238
314,NORTHLAND,0.25,0.23170731707317074,0.26851851851851855,0.2231404958677686,0.19607843137254902,0.3469387755102041,0.2540322580645161,32.26545927909016,18406.87413002002
315,SELETAR HILLS,0.14583333333333334,0.012195121951219513,0.05555555555555555,0.14049586776859505,0.0718954248366013,0.0663265306122449,0.04838709677419355,9.853943189963799,6264.9915736185585
316,ROCHOR CANAL,0.6041666666666666,0.45121951219512196,0.5092592592592593,0.4793388429752066,0.9607843137254902,0.7142857142857143,0.8306451612903226,82.91732557524749,0.0
317,UPPER THOMSON,0.16666666666666666,0.08536585365853659,0.08333333333333333,0.15702479338842976,0.1437908496732026,0.2193877551020408,0.17338709677419356,18.752515218730796,7562.438897595649
318,CHINATOWN,0.625,0.5487804878048781,0.6203703703703703,0.8760330578512396,0.8627450980392157,0.6326530612244898,1.0,94.14165781922554,17744.28392382391
319,BRADDELL,0.6458333333333334,0.3902439024390244,0.5925925925925926,0.2892561983471074,0.30718954248366015,0.3877551020408163,0.4314516129032258,55.482139783603735,21836.59352187814
320,ANCHORVALE,0.3125,0.23170731707317074,0.1111111111111111,0.2066115702479339,0.2222222222222222,0.09693877551020408,0.10483870967741936,23.43580115124969,33554.889775206204
321,MOULMEIN,0.5208333333333334,0.3780487804878049,0.9537037037037037,0.33884297520661155,0.5228758169934641,0.44387755102040816,0.5161290322580645,66.96355648044623,6855.739909803092
322,INSTITUTION HILL,0.5208333333333334,0.4024390243902439,0.3611111111111111,0.5537190082644629,0.6078431372549019,0.8571428571428571,0.7943548387096774,74.67505121801267,7970.520326225373
